{
  "project_info": {
    "project_number": "1065541383468",
    "project_id": "posifood-afb1e",
    "storage_bucket": "posifood-afb1e.appspot.com"
  },
  "client": [
    {
      "client_info": {
        "mobilesdk_app_id": "1:1065541383468:android:84a328718c6fa0a8f5a889",
        "android_client_info": {
          "package_name": "br.com.up.posifood"
        }
      },
      "oauth_client": [
        {
          "client_id": "1065541383468-qr0b5cthmj9unm1mvtj2v5qaugu3an22.apps.googleusercontent.com",
          "client_type": 3
        }
      ],
      "api_key": [
        {
          "current_key": "AIzaSyDoLDQGG0GWaRK3gepiB3h14T_ZKr0bS48"
        }
      ],
      "services": {
        "appinvite_service": {
          "other_platform_oauth_client": [
            {
              "client_id": "1065541383468-qr0b5cthmj9unm1mvtj2v5qaugu3an22.apps.googleusercontent.com",
              "client_type": 3
            }
          ]
        }
      }
    }
  ],
  "configuration_version": "1"
}